{"coverage": 69.4267515923567, "raw_data": {"meta": {"format": 3, "version": "7.6.4", "timestamp": "2025-02-07T20:25:24.763358", "branch_coverage": false, "show_contexts": false}, "files": {"qbittorrent_exporter/__init__.py": {"executed_lines": [0], "summary": {"covered_lines": 0, "num_statements": 0, "percent_covered": 100.0, "percent_covered_display": "100", "missing_lines": 0, "excluded_lines": 0}, "missing_lines": [], "excluded_lines": [], "functions": {"": {"executed_lines": [], "summary": {"covered_lines": 0, "num_statements": 0, "percent_covered": 100.0, "percent_covered_display": "100", "missing_lines": 0, "excluded_lines": 0}, "missing_lines": [], "excluded_lines": []}}, "classes": {"": {"executed_lines": [], "summary": {"covered_lines": 0, "num_statements": 0, "percent_covered": 100.0, "percent_covered_display": "100", "missing_lines": 0, "excluded_lines": 0}, "missing_lines": [], "excluded_lines": []}}}, "qbittorrent_exporter/exporter.py": {"executed_lines": [1, 2, 3, 4, 5, 6, 7, 8, 9, 11, 12, 13, 14, 17, 18, 21, 22, 25, 26, 29, 30, 31, 34, 35, 36, 37, 38, 41, 42, 43, 44, 45, 47, 48, 49, 50, 51, 52, 59, 64, 65, 68, 69, 70, 72, 73, 75, 76, 77, 79, 80, 81, 82, 84, 88, 89, 90, 91, 92, 94, 95, 96, 126, 130, 131, 133, 134, 135, 139, 141, 199, 201, 202, 203, 204, 205, 206, 207, 208, 210, 212, 213, 214, 215, 216, 218, 220, 227, 229, 231, 233, 244, 245, 246, 248, 250, 252, 253, 254, 255, 256, 257, 259, 262, 263, 270, 273, 281, 292, 310, 348], "summary": {"covered_lines": 109, "num_statements": 157, "percent_covered": 69.4267515923567, "percent_covered_display": "69", "missing_lines": 48, "excluded_lines": 0}, "missing_lines": [97, 98, 99, 100, 112, 124, 136, 137, 264, 267, 268, 271, 274, 275, 276, 277, 278, 282, 283, 284, 285, 286, 287, 288, 289, 294, 312, 313, 316, 317, 318, 320, 322, 325, 327, 328, 329, 330, 331, 332, 335, 336, 339, 340, 342, 343, 345, 349], "excluded_lines": [], "functions": {"QbittorrentMetricsCollector.__init__": {"executed_lines": [43, 44, 45, 47, 48, 49, 50, 51, 52], "summary": {"covered_lines": 9, "num_statements": 9, "percent_covered": 100.0, "percent_covered_display": "100", "missing_lines": 0, "excluded_lines": 0}, "missing_lines": [], "excluded_lines": []}, "QbittorrentMetricsCollector.collect": {"executed_lines": [64, 65, 68, 69, 70, 72, 73, 75, 76, 77, 79, 80, 81, 82], "summary": {"covered_lines": 14, "num_statements": 14, "percent_covered": 100.0, "percent_covered_display": "100", "missing_lines": 0, "excluded_lines": 0}, "missing_lines": [], "excluded_lines": []}, "QbittorrentMetricsCollector.get_qbittorrent_metrics": {"executed_lines": [88, 89, 90, 91, 92], "summary": {"covered_lines": 5, "num_statements": 5, "percent_covered": 100.0, "percent_covered_display": "100", "missing_lines": 0, "excluded_lines": 0}, "missing_lines": [], "excluded_lines": []}, "QbittorrentMetricsCollector._get_qbittorrent_by_torrent_metrics": {"executed_lines": [95, 96], "summary": {"covered_lines": 2, "num_statements": 8, "percent_covered": 25.0, "percent_covered_display": "25", "missing_lines": 6, "excluded_lines": 0}, "missing_lines": [97, 98, 99, 100, 112, 124], "excluded_lines": []}, "QbittorrentMetricsCollector._get_qbittorrent_status_metrics": {"executed_lines": [130, 131, 133, 134, 135, 139, 141], "summary": {"covered_lines": 7, "num_statements": 9, "percent_covered": 77.77777777777777, "percent_covered_display": "78", "missing_lines": 2, "excluded_lines": 0}, "missing_lines": [136, 137], "excluded_lines": []}, "QbittorrentMetricsCollector._fetch_categories": {"executed_lines": [201, 202, 203, 204, 205, 206, 207, 208], "summary": {"covered_lines": 8, "num_statements": 8, "percent_covered": 100.0, "percent_covered_display": "100", "missing_lines": 0, "excluded_lines": 0}, "missing_lines": [], "excluded_lines": []}, "QbittorrentMetricsCollector._fetch_torrents": {"executed_lines": [212, 213, 214, 215, 216], "summary": {"covered_lines": 5, "num_statements": 5, "percent_covered": 100.0, "percent_covered_display": "100", "missing_lines": 0, "excluded_lines": 0}, "missing_lines": [], "excluded_lines": []}, "QbittorrentMetricsCollector._filter_torrents_by_category": {"executed_lines": [220], "summary": {"covered_lines": 1, "num_statements": 1, "percent_covered": 100.0, "percent_covered_display": "100", "missing_lines": 0, "excluded_lines": 0}, "missing_lines": [], "excluded_lines": []}, "QbittorrentMetricsCollector._filter_torrents_by_state": {"executed_lines": [229], "summary": {"covered_lines": 1, "num_statements": 1, "percent_covered": 100.0, "percent_covered_display": "100", "missing_lines": 0, "excluded_lines": 0}, "missing_lines": [], "excluded_lines": []}, "QbittorrentMetricsCollector._construct_metric": {"executed_lines": [233], "summary": {"covered_lines": 1, "num_statements": 1, "percent_covered": 100.0, "percent_covered_display": "100", "missing_lines": 0, "excluded_lines": 0}, "missing_lines": [], "excluded_lines": []}, "QbittorrentMetricsCollector._get_qbittorrent_torrent_tags_metrics": {"executed_lines": [245, 246, 248, 250, 252, 253, 254, 255, 256, 257, 259], "summary": {"covered_lines": 11, "num_statements": 11, "percent_covered": 100.0, "percent_covered_display": "100", "missing_lines": 0, "excluded_lines": 0}, "missing_lines": [], "excluded_lines": []}, "ShutdownSignalHandler.__init__": {"executed_lines": [], "summary": {"covered_lines": 0, "num_statements": 3, "percent_covered": 0.0, "percent_covered_display": "0", "missing_lines": 3, "excluded_lines": 0}, "missing_lines": [264, 267, 268], "excluded_lines": []}, "ShutdownSignalHandler.is_shutting_down": {"executed_lines": [], "summary": {"covered_lines": 0, "num_statements": 1, "percent_covered": 0.0, "percent_covered_display": "0", "missing_lines": 1, "excluded_lines": 0}, "missing_lines": [271], "excluded_lines": []}, "ShutdownSignalHandler._on_signal_received": {"executed_lines": [], "summary": {"covered_lines": 0, "num_statements": 5, "percent_covered": 0.0, "percent_covered_display": "0", "missing_lines": 5, "excluded_lines": 0}, "missing_lines": [274, 275, 276, 277, 278], "excluded_lines": []}, "_get_config_value": {"executed_lines": [], "summary": {"covered_lines": 0, "num_statements": 8, "percent_covered": 0.0, "percent_covered_display": "0", "missing_lines": 8, "excluded_lines": 0}, "missing_lines": [282, 283, 284, 285, 286, 287, 288, 289], "excluded_lines": []}, "get_config": {"executed_lines": [], "summary": {"covered_lines": 0, "num_statements": 1, "percent_covered": 0.0, "percent_covered_display": "0", "missing_lines": 1, "excluded_lines": 0}, "missing_lines": [294], "excluded_lines": []}, "main": {"executed_lines": [], "summary": {"covered_lines": 0, "num_statements": 21, "percent_covered": 0.0, "percent_covered_display": "0", "missing_lines": 21, "excluded_lines": 0}, "missing_lines": [312, 313, 316, 317, 318, 320, 322, 325, 327, 328, 329, 330, 331, 332, 335, 336, 339, 340, 342, 343, 345], "excluded_lines": []}, "": {"executed_lines": [1, 2, 3, 4, 5, 6, 7, 8, 9, 11, 12, 13, 14, 17, 18, 21, 22, 25, 26, 29, 30, 31, 34, 35, 36, 37, 38, 41, 42, 59, 84, 94, 126, 199, 210, 218, 227, 231, 244, 262, 263, 270, 273, 281, 292, 310, 348], "summary": {"covered_lines": 45, "num_statements": 46, "percent_covered": 97.82608695652173, "percent_covered_display": "98", "missing_lines": 1, "excluded_lines": 0}, "missing_lines": [349], "excluded_lines": []}}, "classes": {"MetricType": {"executed_lines": [], "summary": {"covered_lines": 0, "num_statements": 0, "percent_covered": 100.0, "percent_covered_display": "100", "missing_lines": 0, "excluded_lines": 0}, "missing_lines": [], "excluded_lines": []}, "Metric": {"executed_lines": [], "summary": {"covered_lines": 0, "num_statements": 0, "percent_covered": 100.0, "percent_covered_display": "100", "missing_lines": 0, "excluded_lines": 0}, "missing_lines": [], "excluded_lines": []},